timestamp,order_no,status_id,item_id,quantity,customer_id
"2021-01-01, 12:04",TK28253,3,4001,1,48479
"2021-01-01, 21:40",TK28255,3,1004,1,53747
"2021-01-01, 21:40",TK28255,3,3003,1,52759
"2021-01-01, 21:05",TK28258,3,3002,1,49967
"2021-01-01, 21:15",TK28260,3,2004,1,50135
"2021-01-02, 12:00",TK28264,3,4001,1,58785
"2021-01-03, 10:15",TK28268,3,4005,1,46609
"2021-01-03, 19:18",TK28270,3,3004,2,51642
"2021-01-03, 23:00",TK28274,3,4003,1,51257
"2021-01-04, 00:13",TK28283,3,2004,1,51403
"2021-01-04, 09:19",TK28289,3,4001,1,50267
"2021-01-04, 12:33",TK28292,3,4001,1,55535
"2021-01-05, 08:02",TK28298,3,4002,1,53642
"2021-01-05, 09:21",TK28300,3,3002,1,47724
"2021-01-05, 11:03",TK28307,3,2002,1,53394
"2021-01-05, 16:03",TK28308,3,3003,1,57450
"2021-01-05, 20:19",TK28317,3,4002,1,46966
"2021-01-05, 21:04",TK28320,3,4005,1,47271
"2021-01-06, 12:16",TK28323,3,4005,1,54123
"2021-01-06, 12:37",TK28328,3,4005,1,52545
"2021-01-06, 13:09",TK28331,3,4004,1,60276
"2021-01-06, 13:09",TK28333,3,3002,1,60597
"2021-01-06, 21:00",TK28338,3,4003,1,48459
"2021-01-06, 21:47",TK28345,3,4003,1,51516
"2021-01-06, 22:05",TK28353,3,4005,1,51349
"2021-01-06, 22:30",TK28358,3,4005,1,51993
"2021-01-07, 00:03",TK28362,4,4005,1,61187
"2021-01-08, 04:43",TK28369,3,4003,1,49286
"2021-01-08, 07:16",TK28372,3,4003,1,48886
"2021-01-08, 20:11",TK28379,3,4004,2,52999
"2021-01-09, 00:08",TK28389,3,4001,1,55882
"2021-01-09, 00:14",TK28394,3,2002,1,56475
"2021-01-09, 00:40",TK28403,3,4002,1,54319
"2021-01-09, 13:34",TK28408,3,4001,1,46843
"2021-01-09, 21:00",TK28414,3,4003,1,59302
"2021-01-09, 21:06",TK28418,3,4001,1,48771
"2021-01-10, 00:03",TK28423,4,4003,1,50224
"2021-01-10, 00:45",TK28427,3,1005,1,60734
"2021-01-10, 00:53",TK28435,3,1004,1,49131
"2021-01-10, 01:10",TK28443,3,4004,1,50391
"2021-01-10, 06:04",TK28452,3,4004,1,54371
"2021-01-10, 07:06",TK28458,3,4004,1,54089
"2021-01-10, 12:46",TK28466,3,4001,1,51007
"2021-01-10, 13:03",TK28474,3,4003,1,47779
"2021-01-10, 13:30",TK28480,3,3002,1,55011
"2021-01-10, 16:02",TK28483,3,4003,1,52766
"2021-01-10, 16:04",TK28485,3,3002,1,52393
"2021-01-10, 20:17",TK28488,3,4002,1,51479
"2021-01-10, 20:24",TK28497,3,3004,1,48505
"2021-01-10, 21:01",TK28503,3,4002,1,55259
"2021-01-10, 21:01",TK28507,3,4003,1,56204
"2021-01-10, 21:10",TK28515,3,3003,1,47432
"2021-01-10, 21:35",TK28521,3,3004,1,58035
"2021-01-10, 21:40",TK28525,3,4005,1,49171
"2021-01-11, 00:04",TK28529,3,4004,1,53440
"2021-01-11, 21:29",TK28534,3,3001,1,47455
"2021-01-11, 23:28",TK28537,3,3001,1,57788
"2021-01-12, 00:22",TK28540,3,3004,1,48672
"2021-01-12, 00:51",TK28541,3,4002,1,52105
"2021-01-12, 00:51",TK28541,3,3001,1,56156
"2021-01-12, 12:04",TK28545,3,3002,1,53486
"2021-01-12, 12:40",TK28553,3,3003,1,51354
"2021-01-12, 13:19",TK28562,3,3002,1,57826
"2021-01-12, 20:02",TK28571,3,4003,1,55748
"2021-01-12, 23:05",TK28575,3,4005,1,50075
"2021-01-12, 23:17",TK28582,3,4001,1,50072
"2021-01-13, 00:21",TK28588,3,4003,1,51961
"2021-01-13, 09:15",TK28591,3,3003,1,54648
"2021-01-13, 16:09",TK28596,3,4005,1,53206
"2021-01-13, 16:12",TK28602,3,1002,1,56108
"2021-01-14, 13:01",TK28609,3,3002,1,55147
"2021-01-14, 20:02",TK28616,3,3004,1,56579
"2021-01-14, 21:27",TK28622,3,4003,1,50976
"2021-01-14, 22:14",TK28629,3,4002,1,51044
"2021-01-15, 00:01",TK28636,3,4001,1,56322
"2021-01-15, 00:03",TK28645,3,4001,1,57215
"2021-01-15, 01:24",TK28652,3,4001,1,55082
"2021-01-15, 09:15",TK28659,3,4003,1,47189
"2021-01-15, 12:14",TK28665,3,3003,1,47940
"2021-01-15, 13:02",TK28670,3,4005,1,54031
"2021-01-15, 13:10",TK28679,3,4001,1,47019
"2021-01-15, 13:35",TK28685,3,4004,1,49697
"2021-01-16, 04:15",TK28687,3,4001,2,48283
"2021-01-16, 10:00",TK28692,3,4001,1,60520
"2021-01-16, 12:03",TK28696,3,4004,1,46290
"2021-01-16, 14:15",TK28706,3,4002,1,50832
"2021-01-16, 14:18",TK28714,3,4003,1,53413
"2021-01-16, 20:34",TK28719,3,3002,1,50708
"2021-01-16, 21:22",TK28725,3,2004,1,56372
"2021-01-16, 22:22",TK28731,3,2005,1,47997
"2021-01-16, 22:26",TK28736,3,4001,1,46755
"2021-01-16, 23:19",TK28742,3,3005,1,50066
"2021-01-16, 23:25",TK28751,3,4004,1,58250
"2021-01-17, 11:50",TK28752,3,4004,1,55251
"2021-01-17, 12:04",TK28753,3,3004,1,46997
"2021-01-17, 12:06",TK28759,3,3001,1,48013
"2021-01-17, 13:03",TK28767,3,3005,1,52777
"2021-01-17, 13:28",TK28770,3,4002,1,56722
"2021-01-17, 14:11",TK28775,3,4003,1,50001
"2021-01-17, 20:13",TK28779,3,4003,1,53328
"2021-01-17, 21:06",TK28780,3,2004,1,49975
"2021-01-17, 22:14",TK28785,3,3002,1,55688
"2021-01-17, 22:17",TK28791,3,4001,1,46952
"2021-01-17, 22:39",TK28796,3,3003,1,54656
"2021-01-17, 22:39",TK28796,3,4005,1,57297
"2021-01-20, 13:25",TK28800,3,4001,1,46575
"2021-01-20, 14:37",TK28807,3,4002,3,53167
"2021-01-20, 23:48",TK28811,4,4005,1,52988
"2021-01-21, 20:10",TK28813,3,2003,1,57377
"2021-01-21, 23:16",TK28816,3,2004,1,48783
"2021-01-22, 01:30",TK28821,3,4002,1,53408
"2021-01-22, 08:01",TK28826,3,4001,1,59887
"2021-01-22, 08:35",TK28832,3,4001,1,48851
"2021-01-22, 15:31",TK28839,3,4005,1,50407
"2021-01-22, 23:13",TK28845,3,4004,1,59918
"2021-01-22, 23:35",TK28853,3,1003,1,50834
"2021-01-23, 06:11",TK28854,3,1001,1,60783
"2021-01-23, 12:28",TK28860,3,3005,1,53757
"2021-01-23, 21:07",TK28864,3,4004,1,58545
"2021-01-23, 21:09",TK28867,4,3003,1,59424
"2021-01-23, 23:08",TK28870,3,4001,1,55522
"2021-01-23, 23:10",TK28877,3,2004,1,51566
"2021-01-24, 00:17",TK28882,3,4001,2,51306
"2021-01-24, 06:09",TK28888,3,4005,1,56749
"2021-01-24, 08:30",TK28895,3,1005,1,48220
"2021-01-24, 11:00",TK28896,3,2004,1,46187
"2021-01-24, 13:11",TK28901,3,4003,1,49399
"2021-01-24, 16:03",TK28906,3,4003,1,59897
"2021-01-24, 18:02",TK28913,3,3003,1,48200
"2021-01-24, 20:14",TK28918,3,3005,1,54109
"2021-01-24, 21:15",TK28922,3,4002,1,54532
"2021-01-24, 22:07",TK28924,3,2002,1,51105
"2021-01-24, 23:08",TK28925,3,4001,1,59977
"2021-01-25, 11:42",TK28930,3,3002,1,48487
"2021-01-26, 11:05",TK28931,3,4004,1,52283
"2021-01-26, 11:05",TK28931,3,1004,1,56627
"2021-01-26, 21:17",TK28936,3,4003,1,51315
"2021-01-26, 21:17",TK28936,3,4002,1,46960
"2021-01-27, 00:02",TK28944,3,4005,1,59871
"2021-01-27, 00:20",TK28948,4,4003,1,46187
"2021-01-27, 12:21",TK28951,3,3003,1,59914
"2021-01-27, 16:13",TK28958,3,4004,1,58388
"2021-01-27, 22:47",TK28964,3,4005,1,50243
"2021-01-28, 14:08",TK28972,3,3001,1,56525
"2021-01-28, 14:11",TK28980,3,4003,1,60021
"2021-01-28, 21:03",TK28985,3,4003,1,57826
"2021-01-28, 21:03",TK28985,3,4005,1,56464
"2021-01-28, 22:05",TK28992,3,3003,1,56804
"2021-01-28, 22:05",TK28995,3,1005,1,56817
"2021-01-28, 23:24",TK29002,3,3004,1,48654
"2021-01-29, 01:41",TK29008,3,4005,1,49426
"2021-01-29, 13:15",TK29012,3,4004,1,47626
"2021-01-29, 20:15",TK29017,3,4003,1,47902
"2021-01-30, 00:00",TK29025,3,4005,1,55334
"2021-01-30, 00:03",TK29034,3,4001,1,59889
"2021-01-30, 00:10",TK29039,3,1005,1,56163
"2021-01-30, 00:16",TK29040,3,4001,1,54723
"2021-01-30, 00:22",TK29043,3,1004,1,57846
"2021-01-30, 12:05",TK29047,3,4004,1,46188
"2021-01-30, 12:45",TK29054,3,4004,1,56815
"2021-01-30, 16:21",TK29059,3,4004,1,58057
"2021-01-30, 18:20",TK29067,4,4002,1,51923
"2021-01-30, 19:03",TK29070,3,4002,1,51271
"2021-01-31, 00:39",TK29074,4,3004,1,49480
"2021-01-31, 01:04",TK29081,3,3005,1,55702
"2021-01-31, 01:18",TK29089,3,4005,1,54492
"2021-01-31, 07:42",TK29095,3,4002,1,46810
"2021-01-31, 12:17",TK29100,3,4001,1,55778
"2021-01-31, 12:45",TK29102,3,4002,1,55390
"2021-01-31, 13:21",TK29107,3,4005,1,60489
"2021-01-31, 20:23",TK29114,3,4005,1,49641
"2021-01-31, 21:08",TK29117,3,4004,1,51325
"2021-01-31, 22:04",TK29121,3,3005,1,53112
"2021-01-31, 22:25",TK29127,3,3003,1,47175
"2021-01-31, 22:25",TK29131,3,4001,1,50352
"2021-01-31, 23:10",TK29138,3,4004,1,48256
"2021-02-01, 11:06",TK29147,4,3001,1,55131
"2021-02-01, 21:17",TK29155,3,4004,1,46776
"2021-02-01, 21:17",TK29155,3,4003,1,55424
"2021-02-02, 13:09",TK29161,3,4003,1,48845
"2021-02-03, 00:08",TK29164,3,3002,1,51060
"2021-02-03, 00:12",TK29165,3,2005,1,54178
"2021-02-03, 09:46",TK29167,3,4001,1,47825
"2021-02-03, 10:02",TK29170,3,2004,1,57556
"2021-02-03, 20:01",TK29176,3,1003,1,47313
"2021-02-03, 23:03",TK29182,3,4001,1,57066
"2021-02-04, 12:09",TK29191,3,4001,1,50390
"2021-02-04, 16:17",TK29192,3,3005,1,57958
"2021-02-04, 20:13",TK29197,3,4003,1,52929
"2021-02-06, 00:05",TK29204,3,2005,1,52781
"2021-02-06, 11:02",TK29209,3,1003,1,56360
"2021-02-06, 15:02",TK29210,3,3002,1,58952
"2021-02-06, 15:18",TK29219,3,4001,1,56090
"2021-02-06, 21:24",TK29225,3,4004,1,58196
"2021-02-06, 22:11",TK29228,3,3004,1,50070
"2021-02-06, 23:01",TK29233,3,3003,1,47737
"2021-02-06, 23:03",TK29238,3,4003,1,49823
"2021-02-06, 23:29",TK29244,3,4004,1,49242
"2021-02-07, 07:53",TK29250,3,2004,1,49909
"2021-02-07, 09:00",TK29256,3,4001,1,53383
"2021-02-07, 12:12",TK29257,3,4001,1,56220
"2021-02-07, 13:13",TK29264,3,4003,1,49947
"2021-02-07, 15:01",TK29269,3,1005,1,59043
"2021-02-07, 15:05",TK29278,3,4003,1,46188
"2021-02-07, 18:09",TK29284,3,3004,1,53974
"2021-02-07, 20:14",TK29288,3,3004,2,46525
"2021-02-07, 21:06",TK29294,3,4005,2,50957
"2021-02-07, 22:08",TK29298,3,3003,1,59356
"2021-02-07, 22:28",TK29306,3,4005,1,55444
"2021-02-08, 11:31",TK29315,4,1001,1,47600
"2021-02-09, 12:13",TK29322,3,4003,1,50852
"2021-02-10, 10:04",TK29330,3,3002,1,51276
"2021-02-10, 22:24",TK29338,3,2004,1,56954
"2021-02-11, 10:06",TK29342,3,3003,1,58819
"2021-02-12, 13:18",TK29347,3,4001,1,53628
"2021-02-13, 00:21",TK29356,3,4003,1,51136
"2021-02-13, 10:02",TK29362,3,4003,1,52825
"2021-02-13, 14:00",TK29365,3,4001,1,52524
"2021-02-13, 20:38",TK29371,3,3004,1,52089
"2021-02-13, 23:04",TK29375,3,2002,1,54432
"2021-02-13, 23:27",TK29380,3,3002,1,55261
"2021-02-14, 00:04",TK29384,3,1004,1,46768
"2021-02-14, 10:01",TK29387,3,3004,1,52168
"2021-02-14, 13:01",TK29391,3,3003,1,50511
"2021-02-14, 13:16",TK29393,3,4002,1,54929
"2021-02-14, 21:00",TK29394,3,4005,1,52935
"2021-02-14, 22:09",TK29398,4,3004,1,50666
"2021-02-15, 23:12",TK29403,3,3003,1,51645
"2021-02-16, 20:17",TK29408,3,4005,1,50690
"2021-02-16, 22:37",TK29416,4,2004,1,46187
"2021-02-16, 23:12",TK29420,3,4005,1,57386
"2021-02-17, 12:35",TK29425,3,3004,1,54796
"2021-02-17, 22:01",TK29430,3,4005,1,47380
"2021-02-19, 13:08",TK29437,3,2004,1,52437
"2021-02-19, 23:00",TK29439,3,4003,1,48957
"2021-02-20, 00:02",TK29442,3,4003,1,49954
"2021-02-20, 01:00",TK29448,3,4003,1,49603
"2021-02-20, 12:17",TK29451,3,4003,1,47718
"2021-02-20, 20:07",TK29455,3,2004,1,53619
"2021-02-20, 23:07",TK29461,3,4004,1,49300
"2021-02-21, 07:20",TK29466,4,4003,1,49182
"2021-02-21, 11:08",TK29472,3,2003,1,49246
"2021-02-21, 12:09",TK29479,3,4005,1,47431
"2021-02-21, 14:26",TK29486,3,4005,1,52833
"2021-02-23, 21:02",TK29490,3,3002,1,52420
"2021-02-24, 12:01",TK29494,3,4003,1,55422
"2021-02-24, 20:31",TK29498,3,4003,1,53291
"2021-02-24, 23:42",TK29504,3,1004,1,51755
"2021-02-25, 09:00",TK29508,3,4004,1,56534
"2021-02-25, 09:00",TK29514,3,3002,1,56641
"2021-02-25, 09:00",TK29519,3,3004,1,56710
"2021-02-25, 10:05",TK29523,3,4002,1,53485
"2021-02-25, 15:03",TK29526,3,4005,1,53514
"2021-02-25, 20:03",TK29535,3,3002,1,52496
"2021-02-26, 01:04",TK29544,3,4002,3,53303
"2021-02-26, 20:17",TK29550,3,1003,1,50700
"2021-02-27, 09:02",TK29556,3,3002,1,51350
"2021-02-27, 11:29",TK29562,3,2004,1,50392
"2021-02-27, 17:09",TK29567,3,2004,1,49738
"2021-02-27, 20:17",TK29568,3,4003,1,48476
"2021-02-27, 22:08",TK29572,3,4001,1,52489
"2021-02-27, 23:44",TK29579,3,3002,1,52026
"2021-02-28, 00:06",TK29583,3,4004,1,51728
"2021-02-28, 00:20",TK29588,3,3004,1,55655
"2021-02-28, 06:21",TK29591,3,1005,1,50917
"2021-02-28, 09:06",TK29598,3,3004,1,46204
"2021-02-28, 12:16",TK29605,3,4003,5,56093
"2021-02-28, 13:34",TK29608,3,1003,1,58945
"2021-02-28, 20:38",TK29618,3,4005,1,46971
"2021-02-28, 20:38",TK29621,3,3004,1,47018
"2021-02-28, 21:01",TK29624,3,4004,1,46470
"2021-02-28, 21:02",TK29629,3,2003,2,47862
"2021-02-28, 22:33",TK29630,3,1005,1,46289
"2021-02-28, 22:34",TK29636,3,4003,1,59163
"2021-02-28, 23:09",TK29641,3,3003,1,55329
"2021-02-28, 23:09",TK29641,3,4001,1,48163
"2021-03-01, 01:53",TK29647,3,2003,1,58639
"2021-03-01, 01:53",TK29651,3,4003,2,59020
"2021-03-01, 17:01",TK29658,3,2004,1,51927
"2021-03-01, 22:23",TK29663,3,3001,1,50862
"2021-03-02, 00:04",TK29670,3,4003,1,48726
"2021-03-02, 00:04",TK29676,3,4001,1,48742
"2021-03-02, 00:04",TK29681,3,4004,1,49218
"2021-03-02, 14:43",TK29686,3,4001,1,55252
"2021-03-03, 00:05",TK29687,3,2003,1,53039
"2021-03-03, 00:32",TK29688,3,3004,1,49543
"2021-03-03, 19:08",TK29693,3,3002,1,52633
"2021-03-03, 21:02",TK29699,3,4004,1,48084
"2021-03-03, 22:00",TK29704,3,4002,1,50521
"2021-03-04, 00:11",TK29705,3,4003,1,54556
"2021-03-04, 06:02",TK29707,3,4003,1,54405
"2021-03-04, 13:10",TK29712,3,4004,1,52619
"2021-03-04, 23:04",TK29717,3,4003,1,55523
"2021-03-05, 12:03",TK29719,3,2002,1,53649
"2021-03-05, 12:08",TK29724,3,4004,1,49794
"2021-03-05, 12:08",TK29724,3,4002,1,50885
"2021-03-06, 10:13",TK29727,3,2002,1,48772
"2021-03-06, 11:06",TK29733,3,4001,1,56960
"2021-03-06, 12:00",TK29743,3,3002,1,56392
"2021-03-06, 13:00",TK29748,3,4003,1,59504
"2021-03-06, 16:21",TK29757,3,2004,1,48521
"2021-03-06, 19:32",TK29759,3,4002,1,47472
"2021-03-06, 21:01",TK29765,3,4005,1,53815
"2021-03-06, 21:20",TK29767,3,3003,1,52467
"2021-03-06, 22:24",TK29769,3,2005,1,46910
"2021-03-06, 23:18",TK29775,4,2002,1,50400
"2021-03-07, 00:35",TK29780,3,3002,1,49139
"2021-03-07, 06:02",TK29789,3,2003,1,47224
"2021-03-07, 06:15",TK29790,3,3003,1,59070
"2021-03-07, 11:47",TK29796,3,3003,1,51347
"2021-03-07, 13:59",TK29805,3,3003,1,55040
"2021-03-07, 15:44",TK29808,3,2005,1,47386
"2021-03-07, 16:14",TK29816,3,4001,1,49675
"2021-03-07, 19:07",TK29822,3,4004,2,48334
"2021-03-07, 20:26",TK29832,3,3002,1,50576
"2021-03-07, 23:00",TK29836,3,2005,1,53406
"2021-03-07, 23:16",TK29843,3,3005,1,47736
"2021-03-07, 23:40",TK29850,3,4001,1,46713
"2021-03-08, 22:04",TK29855,3,4003,1,46605
"2021-03-09, 11:40",TK29856,3,4001,1,49902
"2021-03-09, 11:40",TK29861,4,4004,1,49884
"2021-03-09, 12:09",TK29864,3,3002,1,49636
"2021-03-09, 20:08",TK29866,3,3003,1,52865
"2021-03-09, 23:01",TK29873,3,3003,1,55711
"2021-03-10, 00:17",TK29882,3,3001,1,47654
"2021-03-10, 08:03",TK29888,3,3004,1,59957
"2021-03-10, 08:18",TK29895,3,4003,1,54804
"2021-03-10, 20:12",TK29900,3,4001,1,48411
"2021-03-11, 15:39",TK29910,3,2004,1,48404
"2021-03-11, 22:04",TK29914,3,4003,2,51527
"2021-03-12, 00:17",TK29924,3,2004,1,50990
"2021-03-12, 07:37",TK29929,3,2005,1,49981
"2021-03-12, 13:30",TK29932,3,3002,1,52289
"2021-03-12, 20:18",TK29940,3,3002,1,60772
"2021-03-12, 22:15",TK29946,3,4002,1,49097
"2021-03-13, 00:00",TK29950,3,3002,1,53869
"2021-03-13, 00:00",TK29950,3,4004,1,48073
"2021-03-13, 12:04",TK29955,3,4002,1,51517
"2021-03-13, 13:00",TK29961,3,4002,1,57228
"2021-03-13, 20:04",TK29969,3,4002,1,53471
"2021-03-13, 21:17",TK29976,3,2004,1,50789
"2021-03-13, 23:36",TK29981,3,4004,1,48918
"2021-03-14, 16:02",TK29985,3,3002,1,54965
"2021-03-14, 16:17",TK29986,3,3001,1,47470
"2021-03-14, 16:59",TK29993,3,2002,1,55694
"2021-03-14, 20:13",TK29999,3,4001,1,53612
"2021-03-14, 21:04",TK30005,3,4005,1,53810
"2021-03-14, 21:19",TK30011,5,3003,1,48272
"2021-03-14, 22:23",TK30019,3,3002,1,55436
"2021-03-14, 22:51",TK30022,3,4003,1,53958
"2021-03-14, 23:13",TK30023,3,3002,1,49334
"2021-03-16, 00:01",TK30028,3,4004,1,55617
"2021-03-16, 00:01",TK30033,3,4002,1,55454
"2021-03-16, 07:02",TK30035,3,2004,1,55746
"2021-03-16, 08:19",TK30037,3,4002,1,60894
"2021-03-16, 13:27",TK30038,3,4003,1,46594
"2021-03-16, 20:17",TK30044,3,3002,1,47508
"2021-03-16, 22:01",TK30048,3,4005,1,49414
"2021-03-17, 11:03",TK30049,3,4003,1,49338
"2021-03-17, 12:21",TK30054,3,4001,1,55378
"2021-03-17, 12:21",TK30063,3,4003,1,55794
"2021-03-17, 12:31",TK30070,3,2002,1,56113
"2021-03-17, 13:22",TK30080,3,4004,1,54268
"2021-03-17, 13:43",TK30086,3,4001,1,57336
"2021-03-18, 00:21",TK30089,3,2004,1,55920
"2021-03-18, 12:59",TK30094,3,4004,1,50547
"2021-03-18, 22:04",TK30101,3,1005,1,52184
"2021-03-18, 22:14",TK30107,3,3004,1,46954
"2021-03-18, 22:27",TK30113,3,4003,1,54319
"2021-03-19, 00:07",TK30116,3,4004,1,56448
"2021-03-19, 00:26",TK30126,3,4001,2,54631
"2021-03-19, 15:04",TK30132,3,4004,1,50467
"2021-03-19, 20:10",TK30135,3,3003,1,61279
"2021-03-20, 08:02",TK30140,3,3001,1,48346
"2021-03-20, 08:04",TK30142,3,4003,1,57893
"2021-03-20, 14:26",TK30148,3,4004,1,60010
"2021-03-20, 20:20",TK30149,3,3002,1,60298
"2021-03-20, 20:42",TK30152,3,3004,1,48493
"2021-03-20, 21:11",TK30157,3,4003,1,56965
"2021-03-21, 00:03",TK30166,3,4002,1,50899
"2021-03-21, 00:03",TK30169,4,4001,1,51008
"2021-03-21, 00:03",TK30169,3,4005,1,46461
"2021-03-21, 01:19",TK30170,3,4001,1,50118
"2021-03-21, 06:49",TK30176,3,4004,1,54006
"2021-03-21, 12:05",TK30182,3,4001,1,49266
"2021-03-21, 13:14",TK30189,3,1005,1,50102
"2021-03-21, 13:14",TK30189,3,2004,1,47047
"2021-03-21, 23:02",TK30193,3,4001,1,54499
"2021-03-22, 08:01",TK30194,3,3002,1,50141
"2021-03-23, 00:00",TK30198,3,3004,1,55370
"2021-03-23, 00:04",TK30208,3,4001,1,48452
"2021-03-23, 21:31",TK30209,3,1002,1,48725
"2021-03-24, 01:29",TK30211,3,3005,1,47713
"2021-03-24, 11:13",TK30216,3,4002,1,55429
"2021-03-24, 20:39",TK30219,3,4005,1,52445
"2021-03-24, 21:23",TK30222,3,4004,2,56493
"2021-03-24, 23:43",TK30229,3,4001,1,59649
"2021-03-25, 00:41",TK30236,3,3002,1,55094
"2021-03-25, 09:13",TK30239,3,4004,1,60843
"2021-03-25, 11:04",TK30244,3,4005,2,50492
"2021-03-25, 12:07",TK30246,3,4003,1,48861
"2021-03-25, 13:08",TK30255,3,4003,1,56175
"2021-03-25, 22:22",TK30260,3,4001,1,58568
"2021-03-26, 00:21",TK30264,3,4001,1,46187
"2021-03-26, 13:25",TK30271,3,4003,1,51912
"2021-03-26, 23:08",TK30275,3,3004,1,57442
"2021-03-27, 00:17",TK30284,3,4003,1,49398
"2021-03-27, 00:21",TK30287,3,3003,1,49487
"2021-03-27, 11:03",TK30292,3,2003,1,47616
"2021-03-27, 12:01",TK30300,3,2004,1,58058
"2021-03-27, 13:04",TK30306,3,4001,1,56886
"2021-03-27, 13:27",TK30312,3,4001,1,53431
"2021-03-27, 13:44",TK30317,3,4003,1,52088
"2021-03-27, 20:19",TK30323,3,4003,1,56211
"2021-03-27, 22:46",TK30332,3,3003,1,50850
"2021-03-27, 23:17",TK30340,3,2004,1,55295
"2021-03-28, 00:01",TK30347,3,4003,1,54815
"2021-03-28, 00:58",TK30348,4,4004,1,46969
"2021-03-28, 10:03",TK30352,3,4002,1,54319
"2021-03-28, 11:31",TK30354,3,4003,1,56585
"2021-03-28, 12:45",TK30364,3,4004,1,50506
"2021-03-28, 17:22",TK30369,3,4005,1,54468
"2021-03-28, 20:15",TK30374,3,4001,1,49673
"2021-03-28, 21:01",TK30382,3,4003,1,51030
"2021-03-28, 21:14",TK30385,3,4004,1,57064
"2021-03-28, 22:07",TK30392,3,4001,1,52946
"2021-03-29, 00:02",TK30399,3,4004,1,51549
"2021-03-29, 06:06",TK30402,3,4004,1,63026
"2021-03-29, 10:06",TK30407,4,2003,1,48234
"2021-03-29, 12:09",TK30414,3,4003,1,48044
"2021-03-29, 12:11",TK30416,3,4002,1,51029
"2021-03-29, 13:01",TK30422,3,4001,1,49248
"2021-03-29, 21:42",TK30423,3,2004,1,47650
"2021-03-30, 10:00",TK30426,3,1005,1,54944
"2021-03-30, 13:02",TK30428,3,1003,1,59941
"2021-03-30, 19:14",TK30436,3,4003,1,51845
"2021-03-30, 20:19",TK30442,3,4001,1,50427
"2021-03-30, 22:02",TK30448,3,3003,1,54751
"2021-03-30, 22:05",TK30456,3,3002,1,52634
"2021-03-30, 23:12",TK30462,3,4004,1,51507
"2021-03-31, 12:02",TK30467,4,2001,1,48934
"2021-03-31, 22:55",TK30469,3,4003,1,67153
"2021-04-01, 00:28",TK30476,3,4005,1,55040
"2021-04-01, 15:05",TK30477,3,3002,1,75181
"2021-04-01, 20:02",TK30482,3,2004,1,72089
"2021-04-01, 20:12",TK30486,3,3005,,56822
"2021-04-01, 21:34",TK30491,3,4003,1,46962
"2021-04-01, 22:04",TK30498,3,4001,1,48287
"2021-04-01, 23:02",TK30505,3,3001,1,53238
"2021-04-02, 10:00",TK30511,3,1004,1,55163
"2021-04-02, 13:15",TK30514,3,4003,1,57108
"2021-04-02, 22:11",TK30519,3,2004,1,60344
"2021-04-02, 22:12",TK30521,3,2004,1,46279
"2021-04-02, 22:28",TK30525,3,4003,1,61696
"2021-04-02, 22:30",TK30534,3,4001,1,47724
"2021-04-03, 00:04",TK30538,3,1004,1,53192
"2021-04-03, 00:25",TK30544,3,4005,1,49834
"2021-04-03, 04:03",TK30549,3,4004,2,46188
"2021-04-03, 07:36",TK30557,3,4003,1,46186
"2021-04-03, 08:04",TK30561,3,4005,1,55777
"2021-04-03, 11:01",TK30563,3,4003,1,61307
"2021-04-03, 11:16",TK30568,3,4005,1,53666
"2021-04-03, 12:03",TK30571,3,4001,1,48099
"2021-04-03, 12:04",TK30575,3,2002,1,63342
"2021-04-03, 12:18",TK30584,3,4005,1,51367
"2021-04-03, 13:34",TK30590,3,3002,1,51057
"2021-04-03, 20:08",TK30594,3,3004,1,46186
"2021-04-03, 21:15",TK30598,3,4003,1,51988
"2021-04-03, 21:21",TK30604,3,4003,1,66163
"2021-04-03, 21:45",TK30610,3,4001,1,49990
"2021-04-03, 23:04",TK30618,3,3001,1,74630
"2021-04-03, 23:13",TK30622,3,3005,1,54319
"2021-04-04, 00:02",TK30626,3,4002,2,47108
"2021-04-04, 00:02",TK30627,3,4005,1,47307
"2021-04-04, 00:02",TK30633,3,3004,1,53568
"2021-04-04, 00:19",TK30642,3,4001,1,58367
"2021-04-04, 00:32",TK30648,3,3003,1,48489
"2021-04-04, 07:11",TK30653,3,4003,1,51028
"2021-04-04, 12:26",TK30659,3,4004,1,64342
"2021-04-04, 13:05",TK30666,3,2005,1,47800
"2021-04-04, 16:21",TK30676,3,4003,1,47429
"2021-04-04, 20:09",TK30682,3,1004,1,68391
"2021-04-04, 20:18",TK30686,3,2003,1,47002
"2021-04-04, 20:18",TK30686,3,3005,1,47247
"2021-04-04, 21:11",TK30693,3,4002,1,51819
"2021-04-04, 22:33",TK30695,3,4003,1,56023
"2021-04-04, 23:03",TK30702,3,4004,1,74317
"2021-04-04, 23:17",TK30706,3,4004,1,50966
"2021-04-05, 00:02",TK30712,3,4004,1,55318
"2021-04-05, 01:07",TK30720,3,2001,1,59694
"2021-04-05, 08:06",TK30727,3,4005,1,50787
"2021-04-05, 13:08",TK30733,3,3004,1,49143
"2021-04-05, 23:01",TK30740,3,4004,1,68953
"2021-04-06, 11:05",TK30742,3,3004,1,46999
"2021-04-06, 12:01",TK30749,3,3005,1,54807
"2021-04-06, 12:01",TK30750,3,4005,1,54947
"2021-04-06, 14:23",TK30756,3,4005,1,49810
"2021-04-06, 22:35",TK30761,3,4003,1,62051
"2021-04-07, 13:13",TK30763,3,4005,1,51360
"2021-04-07, 20:17",TK30768,3,1005,1,73586
"2021-04-07, 21:21",TK30770,3,3004,1,65097
"2021-04-08, 10:31",TK30775,3,1005,1,54491
"2021-04-08, 12:02",TK30776,3,3002,1,71525
"2021-04-08, 17:06",TK30781,3,4003,1,57475
"2021-04-08, 20:17",TK30786,3,3002,1,56600
"2021-04-08, 22:26",TK30787,3,4005,1,50678
"2021-04-08, 23:12",TK30789,3,4004,1,70366
"2021-04-09, 01:13",TK30791,3,3003,1,53126
"2021-04-09, 08:19",TK30797,3,3004,1,49629
"2021-04-09, 12:01",TK30798,3,4003,1,51066
"2021-04-09, 20:41",TK30799,3,3001,1,66715
"2021-04-09, 20:41",TK30799,3,3003,1,66948
"2021-04-10, 00:11",TK30801,3,2004,1,68857
"2021-04-10, 10:36",TK30805,3,3002,1,73696
"2021-04-10, 16:03",TK30809,3,4001,1,48537
"2021-04-10, 16:26",TK30813,3,4001,1,60543
"2021-04-10, 16:28",TK30814,3,4001,1,57976
"2021-04-10, 21:30",TK30821,3,4005,1,70152
"2021-04-10, 22:01",TK30825,3,2004,1,50681
"2021-04-10, 22:04",TK30827,3,4005,1,67841
"2021-04-10, 22:42",TK30836,3,4001,1,70741
"2021-04-11, 00:05",TK30838,3,3003,1,56737
"2021-04-11, 09:27",TK30842,3,3002,1,55040
"2021-04-11, 10:42",TK30850,3,3004,1,50581
"2021-04-11, 11:05",TK30855,3,4002,1,62942
"2021-04-11, 14:01",TK30859,3,3004,1,53976
"2021-04-11, 14:16",TK30863,3,3004,1,58414
"2021-04-11, 14:16",TK30872,3,4003,1,58797
"2021-04-11, 16:14",TK30879,3,4001,1,60999
"2021-04-11, 19:43",TK30881,3,4003,1,47741
"2021-04-11, 20:38",TK30883,3,4005,1,57529
"2021-04-11, 23:08",TK30891,3,3001,1,53598
"2021-04-12, 16:21",TK30897,3,4003,1,51533
"2021-04-13, 12:43",TK30902,3,4002,1,46725
"2021-04-14, 00:07",TK30907,3,1003,1,66477
"2021-04-14, 12:11",TK30914,3,4003,1,64597
"2021-04-14, 13:15",TK30922,3,4001,1,73750
"2021-04-14, 17:07",TK30929,3,4003,1,46188
"2021-04-14, 21:35",TK30932,3,4001,1,73768
"2021-04-15, 21:29",TK30939,3,4003,1,55245
"2021-04-15, 22:03",TK30943,3,4003,1,72196
"2021-04-15, 22:29",TK30946,3,4005,1,69772
"2021-04-16, 00:25",TK30951,3,3002,1,52462
"2021-04-16, 10:06",TK30958,3,2002,1,68649
"2021-04-16, 13:16",TK30964,3,4004,1,46348
"2021-04-16, 16:28",TK30970,3,4005,1,57358
"2021-04-16, 20:00",TK30972,3,4004,1,62495
"2021-04-17, 00:12",TK30976,3,4005,1,50676
"2021-04-17, 00:25",TK30981,3,4001,1,76422
"2021-04-17, 07:35",TK30984,3,1003,1,73559
"2021-04-17, 08:18",TK30988,3,3001,1,58001
"2021-04-17, 09:00",TK30992,3,4004,1,54872
"2021-04-17, 09:07",TK30993,3,4004,1,67218
"2021-04-17, 12:01",TK30999,3,4001,1,71832
"2021-04-17, 12:04",TK31003,3,3002,1,74973
"2021-04-17, 12:10",TK31007,3,3001,1,61345
"2021-04-17, 13:06",TK31012,3,4001,1,57362
"2021-04-17, 13:25",TK31016,3,4003,1,62015
"2021-04-17, 14:02",TK31026,3,3002,1,61389
"2021-04-17, 16:28",TK31033,3,4005,1,54315
"2021-04-17, 21:02",TK31039,3,3003,1,48625
"2021-04-17, 21:48",TK31044,3,3002,1,70860
"2021-04-18, 00:09",TK31048,3,3001,1,53675
"2021-04-18, 01:03",TK31055,3,4003,1,46541
"2021-04-18, 07:16",TK31060,3,4003,1,54435
"2021-04-18, 10:05",TK31062,3,1004,1,58913
"2021-04-18, 10:41",TK31068,3,3002,1,51282
"2021-04-18, 11:22",TK31069,3,4003,1,56695
"2021-04-18, 12:06",TK31077,3,3003,1,55900
"2021-04-18, 12:10",TK31081,3,2004,1,46187
"2021-04-18, 13:02",TK31089,3,4002,1,53242
"2021-04-18, 13:03",TK31093,3,3003,1,50196
"2021-04-18, 14:09",TK31097,3,2004,1,46220
"2021-04-18, 15:10",TK31104,3,4005,1,61321
"2021-04-18, 20:03",TK31109,3,4005,1,49223
"2021-04-18, 20:37",TK31112,3,4005,2,58985
"2021-04-18, 21:07",TK31118,3,4003,1,55622
"2021-04-18, 22:13",TK31124,3,3002,1,71138
"2021-04-18, 22:23",TK31128,3,3004,1,52425
"2021-04-19, 15:18",TK31130,3,1005,1,50489
"2021-04-19, 19:01",TK31136,3,1002,1,54874
"2021-04-19, 20:02",TK31141,3,3002,1,56345
"2021-04-20, 09:12",TK31145,3,4001,1,54446
"2021-04-20, 11:06",TK31154,3,4001,1,48137
"2021-04-20, 21:00",TK31160,3,4005,1,60118
"2021-04-20, 22:33",TK31162,3,1005,1,74871
"2021-04-21, 00:03",TK31172,4,4003,1,65312
"2021-04-21, 00:05",TK31179,3,3003,1,52649
"2021-04-22, 09:02",TK31184,3,3002,1,58262
"2021-04-22, 10:16",TK31188,3,2004,1,53964
"2021-04-22, 12:04",TK31196,3,3002,1,50522
"2021-04-22, 12:06",TK31200,3,2001,1,60323
"2021-04-22, 13:20",TK31205,3,2002,1,50989
"2021-04-22, 15:14",TK31211,3,4001,1,69250
"2021-04-22, 22:02",TK31214,3,4001,1,50468
"2021-04-22, 22:02",TK31218,3,3004,1,62390
"2021-04-22, 23:09",TK31223,3,3002,1,73321
"2021-04-23, 00:04",TK31230,3,2002,1,49796
"2021-04-23, 00:58",TK31235,3,1005,1,73828
"2021-04-23, 20:11",TK31238,3,4005,3,48683
"2021-04-23, 21:07",TK31243,3,4003,1,52749
"2021-04-23, 22:17",TK31248,3,4003,1,73183
"2021-04-24, 07:06",TK31252,3,4001,1,74707
"2021-04-24, 09:12",TK31253,3,4003,1,51157
"2021-04-24, 12:31",TK31256,3,4005,1,52747
"2021-04-24, 13:05",TK31261,3,4005,1,51699
"2021-04-24, 13:18",TK31269,3,4004,1,67310
"2021-04-24, 13:18",TK31269,3,3005,1,59522
"2021-04-24, 20:05",TK31278,3,4001,1,48791
"2021-04-24, 20:23",TK31286,5,4003,1,56884
"2021-04-24, 23:18",TK31288,3,4003,2,51982
"2021-04-25, 06:21",TK31298,3,3005,1,54409
"2021-04-25, 07:05",TK31306,3,4003,1,55321
"2021-04-25, 07:05",TK31312,3,3005,1,55316
"2021-04-25, 12:10",TK31319,3,4002,1,51957
"2021-04-25, 12:12",TK31327,3,3005,1,48395
"2021-04-25, 17:38",TK31334,3,4001,1,61329
"2021-04-25, 21:53",TK31336,3,3004,1,61371
"2021-04-25, 22:33",TK31343,3,4004,1,66424
"2021-04-25, 22:55",TK31347,3,3002,1,56519
"2021-04-25, 22:55",TK31347,3,4002,1,58450
"2021-04-25, 23:16",TK31352,3,4001,1,54173
"2021-04-25, 23:16",TK31352,3,3003,1,51642
"2021-04-25, 23:56",TK31360,3,4003,1,67435
"2021-04-26, 11:00",TK31366,3,4001,1,70164
"2021-04-27, 00:02",TK31371,3,3004,2,52104
"2021-04-27, 01:10",TK31373,3,4002,1,73275
"2021-04-27, 06:17",TK31379,3,2004,1,75223
"2021-04-27, 13:12",TK31382,3,3004,1,64334
"2021-04-28, 00:37",TK31390,3,4002,1,67753
"2021-04-28, 12:43",TK31396,3,4001,1,73096
"2021-04-28, 13:04",TK31406,3,4004,1,73271
"2021-04-28, 21:19",TK31411,3,4001,1,54922
"2021-04-29, 00:03",TK31419,3,2004,1,56607
"2021-04-29, 12:05",TK31425,3,3002,1,50780
"2021-04-29, 12:05",TK31425,3,4001,1,51636
"2021-04-29, 13:20",TK31432,3,3002,1,76030
"2021-04-29, 20:22",TK31433,3,4003,1,67975
"2021-04-29, 21:07",TK31434,3,3001,1,47429
"2021-04-30, 06:11",TK31439,3,4003,1,67954
"2021-04-30, 07:36",TK31442,3,4004,2,58944
"2021-04-30, 11:06",TK31448,3,4001,1,55983
"2021-04-30, 11:06",TK31453,3,2005,1,56477
"2021-04-30, 16:47",TK31460,3,4001,1,53122
"2021-04-30, 20:12",TK31465,3,3002,1,76323
"2021-04-30, 21:31",TK31469,3,4003,1,48020
"2021-04-30, 23:32",TK31476,3,2004,1,51362
"2021-05-01, 00:10",TK31480,3,4002,1,61363
"2021-05-01, 00:19",TK31481,3,4003,1,48861
"2021-05-01, 01:01",TK31483,3,1005,1,70968
"2021-05-01, 01:01",TK31483,3,4003,3,48035
"2021-05-01, 01:42",TK31492,3,4001,1,59498
"2021-05-01, 06:29",TK31496,3,3004,1,70304
"2021-05-01, 13:15",TK31504,3,4005,1,57283
"2021-05-01, 17:32",TK31509,3,3004,1,57478
"2021-05-01, 20:11",TK31514,3,4004,1,52673
"2021-05-01, 21:05",TK31515,3,3002,1,56842
"2021-05-01, 22:03",TK31518,3,3002,1,56886
"2021-05-01, 23:01",TK31521,3,3002,1,61118
"2021-05-01, 23:09",TK31525,3,4002,1,53557
"2021-05-02, 00:15",TK31526,3,1005,1,74609
"2021-05-02, 00:33",TK31533,3,4001,1,48297
"2021-05-02, 06:24",TK31538,3,3001,1,59230
"2021-05-02, 07:05",TK31542,3,3001,1,69305
"2021-05-02, 09:17",TK31550,3,3004,1,55908
"2021-05-02, 09:17",TK31553,3,3002,1,55821
"2021-05-02, 12:03",TK31560,3,4001,1,58812
"2021-05-02, 12:04",TK31561,3,4004,1,50222
"2021-05-02, 14:34",TK31571,3,3005,1,53964
"2021-05-02, 15:10",TK31579,3,3004,1,63583
"2021-05-02, 19:21",TK31587,3,2004,1,51903
"2021-05-02, 21:07",TK31591,3,4001,1,54403
"2021-05-02, 21:21",TK31600,3,1004,1,52282
"2021-05-02, 22:05",TK31601,3,4003,1,65270
"2021-05-02, 22:05",TK31606,3,4001,1,65762
"2021-05-02, 23:23",TK31610,3,4003,1,54580
"2021-05-03, 13:13",TK31613,3,4001,1,63691
"2021-05-03, 20:14",TK31620,3,4001,1,48994
"2021-05-03, 22:12",TK31629,3,2005,1,55686
"2021-05-03, 23:05",TK31633,3,4003,1,50137
"2021-05-03, 23:05",TK31639,3,2005,1,64959
"2021-05-03, 23:18",TK31644,3,4003,1,67739
"2021-05-04, 00:23",TK31649,3,3001,1,56228
"2021-05-04, 12:11",TK31655,3,4001,1,51727
"2021-05-04, 12:17",TK31659,3,3003,1,58798
"2021-05-04, 13:09",TK31665,3,3004,1,54397
"2021-05-04, 16:03",TK31669,3,4004,1,62822
"2021-05-04, 21:15",TK31670,3,4002,1,53521
"2021-05-04, 23:16",TK31676,3,3005,1,65697
"2021-05-05, 00:06",TK31680,3,4005,1,63327
"2021-05-05, 00:09",TK31681,3,1005,1,58904
"2021-05-05, 01:58",TK31689,3,3004,1,65254
"2021-05-05, 17:00",TK31692,3,3003,1,46265
"2021-05-05, 20:11",TK31693,3,3004,1,51497
"2021-05-05, 20:11",TK31693,3,4001,1,67465
"2021-05-06, 01:18",TK31698,3,2004,1,50609
"2021-05-06, 01:40",TK31703,3,1004,1,58979
"2021-05-06, 06:08",TK31709,3,3004,1,48276
"2021-05-06, 08:27",TK31714,3,4002,1,46601
"2021-05-06, 10:24",TK31718,3,4005,1,57092
"2021-05-06, 10:32",TK31724,3,3003,1,51031
"2021-05-06, 12:07",TK31729,3,3004,1,65937
"2021-05-06, 12:14",TK31735,3,3003,1,55589
"2021-05-06, 17:27",TK31740,3,3004,1,63654
"2021-05-06, 21:11",TK31747,3,4002,1,54112
"2021-05-07, 00:06",TK31752,3,2003,1,55353
"2021-05-07, 00:22",TK31759,3,3002,1,46426
"2021-05-07, 08:11",TK31764,3,4004,1,63940
"2021-05-07, 08:29",TK31766,3,3004,1,57190
"2021-05-07, 09:40",TK31770,3,4001,1,51585
"2021-05-07, 11:20",TK31775,3,4002,1,47012
"2021-05-07, 14:13",TK31782,4,4005,1,48404
"2021-05-07, 18:03",TK31791,3,4003,1,59372
"2021-05-07, 20:00",TK31796,3,4001,1,72785
"2021-05-07, 20:46",TK31797,3,1005,1,60699
"2021-05-08, 00:04",TK31799,3,4001,1,75624
"2021-05-08, 00:15",TK31806,3,4003,1,47694
"2021-05-08, 00:25",TK31812,3,3003,1,72181
"2021-05-08, 01:11",TK31817,3,4005,1,72521
"2021-05-08, 01:11",TK31817,3,1004,1,62244
"2021-05-08, 11:28",TK31820,3,3004,2,60348
"2021-05-08, 12:02",TK31830,3,4001,1,64816
"2021-05-08, 12:51",TK31831,3,3004,1,48172
"2021-05-08, 13:00",TK31840,3,3004,1,47738
"2021-05-08, 13:01",TK31844,3,4004,1,59843
"2021-05-08, 13:15",TK31849,3,4003,1,65966
"2021-05-08, 16:18",TK31852,3,4005,1,55919
"2021-05-08, 16:43",TK31856,3,2004,1,55602
"2021-05-08, 17:08",TK31864,4,4003,2,51480
"2021-05-08, 20:05",TK31869,3,4004,1,55814
"2021-05-08, 20:07",TK31875,3,4003,1,51861
"2021-05-08, 20:11",TK31881,3,2002,1,53481
"2021-05-08, 20:40",TK31890,3,1002,1,48987
"2021-05-08, 23:22",TK31894,3,4001,1,64221
"2021-05-09, 00:13",TK31900,3,3001,1,53116
"2021-05-09, 00:26",TK31907,3,3002,1,51645
"2021-05-09, 00:34",TK31915,3,4001,1,55213
"2021-05-09, 00:39",TK31918,3,2002,1,57331
"2021-05-09, 01:26",TK31927,3,1001,1,49438
"2021-05-09, 10:32",TK31932,3,4001,1,48283
"2021-05-09, 12:05",TK31939,3,4003,1,54976
"2021-05-09, 13:08",TK31949,3,3002,1,62015
"2021-05-09, 14:08",TK31955,3,4003,1,57710
"2021-05-09, 14:25",TK31963,3,4001,1,47350
"2021-05-09, 15:00",TK31968,3,4001,1,54203
"2021-05-09, 16:32",TK31972,3,3004,1,46705
"2021-05-09, 16:32",TK31980,3,1002,1,46606
"2021-05-09, 19:14",TK31986,3,4005,1,49915
"2021-05-09, 19:42",TK31993,3,4004,1,76112
"2021-05-09, 20:20",TK31996,3,4003,1,59246
"2021-05-09, 20:32",TK32002,3,4005,1,49372
"2021-05-09, 20:39",TK32006,3,3004,1,61519
"2021-05-09, 21:03",TK32009,3,4001,1,63985
"2021-05-09, 21:07",TK32016,3,4003,2,55896
"2021-05-09, 21:18",TK32019,3,4001,1,62110
"2021-05-09, 22:08",TK32028,3,4003,1,52569
"2021-05-09, 22:09",TK32033,3,4003,1,54418
"2021-05-09, 22:34",TK32038,4,4003,1,47007
"2021-05-09, 22:34",TK32044,2,3002,1,47462
"2021-05-09, 23:01",TK32047,3,3005,1,62328
"2021-05-09, 23:07",TK32053,3,4004,1,50171
"2021-05-10, 13:08",TK32056,3,4003,1,54819
"2021-05-10, 14:31",TK32058,3,3003,1,47567
"2021-05-10, 18:22",TK32066,3,3002,1,46972
"2021-05-11, 00:04",TK32071,3,4003,1,55576
"2021-05-11, 00:29",TK32076,4,4004,1,48137
"2021-05-11, 10:16",TK32083,3,3004,1,63056
"2021-05-11, 13:25",TK32089,3,4003,1,49223
"2021-05-11, 20:30",TK32093,3,3002,1,56533
"2021-05-11, 21:23",TK32101,3,4003,,61904
"2021-05-11, 21:23",TK32101,3,4004,1,55508
"2021-05-12, 07:11",TK32106,3,4005,1,59920
"2021-05-12, 12:27",TK32111,3,3004,1,60687
"2021-05-12, 13:34",TK32117,3,4005,1,61566
"2021-05-12, 22:09",TK32126,3,4001,1,58875
"2021-05-12, 22:14",TK32129,3,,1,63985
"2021-05-13, 02:19",TK32136,3,3002,1,48000
"2021-05-13, 15:04",TK32139,3,4005,1,61897
"2021-05-13, 15:12",TK32146,3,3004,1,59449
"2021-05-13, 20:12",TK32151,3,4003,1,47431
"2021-05-13, 21:25",TK32153,3,4003,1,50140
"2021-05-13, 21:27",TK32155,3,3003,1,53213
"2021-05-13, 21:40",TK32157,3,3004,1,54982
"2021-05-13, 23:07",TK32161,3,3002,1,55579
"2021-05-14, 07:00",TK32165,3,4005,1,49875
"2021-05-14, 13:18",TK32167,4,4001,1,50502
"2021-05-14, 15:33",TK32172,3,4001,1,50766
"2021-05-14, 20:02",TK32178,3,4001,1,61428
"2021-05-14, 20:05",TK32186,3,2002,1,52576
"2021-05-14, 23:11",TK32194,3,4001,1,52257
"2021-05-14, 23:11",TK32194,3,3004,1,55419
"2021-05-15, 06:11",TK32198,3,4005,1,55023
"2021-05-15, 10:01",TK32201,3,4005,1,46955
"2021-05-15, 10:02",TK32209,3,3004,1,54435
"2021-05-15, 12:06",TK32218,3,4003,1,50855
"2021-05-15, 12:11",TK32223,3,2002,1,63462
"2021-05-15, 13:15",TK32227,3,4004,1,56937
"2021-05-15, 13:28",TK32228,3,4001,1,47242
"2021-05-15, 13:36",TK32236,3,2004,1,49698
"2021-05-15, 13:43",TK32242,3,4001,1,62960
"2021-05-15, 14:02",TK32246,3,3003,1,63507
"2021-05-15, 15:09",TK32253,3,4003,1,55741
"2021-05-15, 15:12",TK32257,3,4005,1,46587
"2021-05-15, 15:14",TK32260,3,4003,1,55993
"2021-05-15, 20:02",TK32263,3,3003,1,52155
"2021-05-15, 21:05",TK32269,3,3003,1,52467
"2021-05-15, 21:34",TK32275,3,4002,1,52777
"2021-05-15, 22:04",TK32280,3,4003,1,60040
"2021-05-15, 22:41",TK32283,3,2002,1,51507
"2021-05-15, 22:41",TK32283,3,4003,1,49742
"2021-05-15, 23:08",TK32293,3,4001,1,54147
"2021-05-15, 23:31",TK32294,3,4003,1,57584
"2021-05-16, 00:03",TK32301,3,4003,1,49380
"2021-05-16, 00:05",TK32302,3,1001,1,50461
"2021-05-16, 06:02",TK32310,3,4002,1,54649
"2021-05-16, 07:08",TK32315,3,3004,1,53335
"2021-05-16, 12:00",TK32319,3,4001,1,48205
"2021-05-16, 16:24",TK32328,3,4001,1,46827
"2021-05-16, 19:04",TK32335,3,1004,1,64460
"2021-05-16, 20:03",TK32339,3,4003,1,50492
"2021-05-16, 20:07",TK32344,3,3004,1,62001
"2021-05-16, 22:06",TK32353,3,4005,1,57018
"2021-05-16, 23:56",TK32357,3,4004,1,51544
"2021-05-17, 00:19",TK32362,3,3002,1,58430
"2021-05-17, 09:06",TK32366,4,3002,1,58658
"2021-05-17, 11:17",TK32371,3,4002,1,53804
"2021-05-17, 13:40",TK32372,3,4005,1,47341
"2021-05-18, 10:08",TK32382,3,4002,1,64348
"2021-05-18, 12:00",TK32387,4,4001,1,54715
"2021-05-18, 12:10",TK32389,3,4002,1,48704
"2021-05-18, 13:04",TK32394,3,4003,1,48763
"2021-05-18, 20:08",TK32399,3,4001,3,53705
"2021-05-18, 20:27",TK32401,3,4003,1,50287
"2021-05-19, 00:04",TK32406,3,4002,1,46930
"2021-05-19, 00:26",TK32411,3,3004,1,60847
"2021-05-19, 03:34",TK32417,3,3002,1,51169
"2021-05-19, 10:17",TK32424,3,3003,1,53448
"2021-05-19, 12:17",TK32430,3,3002,1,70860
"2021-05-19, 20:17",TK32437,0,3002,1,53579
"2021-05-19, 22:17",TK32444,3,3001,1,54684
"2021-05-19, 23:00",TK32452,3,3002,1,56048
"2021-05-20, 07:33",TK32457,3,4004,1,53565
"2021-05-20, 09:08",TK32465,3,4004,1,56288
"2021-05-20, 10:00",TK32472,3,3004,1,54193
"2021-05-20, 10:14",TK32479,3,2002,1,46188
"2021-05-20, 10:28",TK32487,3,4002,1,53039
"2021-05-20, 11:03",TK32493,3,4002,1,54884
"2021-05-20, 11:24",TK32501,3,4003,1,48441
"2021-05-20, 12:03",TK32504,3,1004,1,50471
"2021-05-20, 12:10",TK32506,3,,1,65319
"2021-05-20, 13:03",TK32515,3,3004,1,64529
"2021-05-20, 13:05",TK32521,3,2003,1,47643
"2021-05-20, 21:02",TK32525,3,4001,1,53499
"2021-05-20, 21:02",TK32525,3,3001,1,62540
"2021-05-20, 23:04",TK32528,3,4004,1,49333
"2021-05-20, 23:09",TK32530,3,4003,1,46939
"2021-05-21, 09:30",TK32531,3,4001,1,49000
"2021-05-21, 10:41",TK32540,3,1004,1,47844
"2021-05-21, 12:15",TK32543,3,4001,1,57157
"2021-05-21, 20:06",TK32547,3,1002,1,54974
"2021-05-21, 20:11",TK32552,3,3004,1,50070
"2021-05-21, 21:50",TK32554,3,4002,1,48369
"2021-05-22, 00:05",TK32555,4,4003,1,63985
"2021-05-22, 00:07",TK32561,3,4002,1,58217
"2021-05-22, 00:09",TK32565,3,2004,1,53384
"2021-05-22, 12:23",TK32570,3,4005,5,51379
"2021-05-22, 13:04",TK32580,3,4003,1,63985
"2021-05-22, 13:26",TK32582,3,4003,1,48451
"2021-05-22, 18:09",TK32587,3,4001,1,46136
"2021-05-22, 20:03",TK32591,2,4001,1,48655
"2021-05-22, 20:10",TK32598,3,3002,1,55792
"2021-05-22, 20:45",TK32604,3,3003,1,51783
"2021-05-22, 20:45",TK32604,3,3002,1,55456
"2021-05-22, 21:48",TK32611,3,3002,1,60530
"2021-05-22, 22:05",TK32616,3,4002,1,65697
"2021-05-22, 22:07",TK32624,3,1004,1,65797
"2021-05-23, 01:02",TK32628,3,4003,1,46188
"2021-05-23, 01:35",TK32629,3,3004,1,47664
"2021-05-23, 01:35",TK32634,3,2004,1,47707
"2021-05-23, 06:15",TK32636,3,1004,1,49688
"2021-05-23, 08:06",TK32640,3,4003,1,49584
"2021-05-23, 09:09",TK32646,3,3002,1,63784
"2021-05-23, 09:09",TK32646,3,4001,1,64233
"2021-05-23, 12:22",TK32654,3,3004,1,48903
"2021-05-23, 13:11",TK32661,3,3003,1,65312
"2021-05-23, 15:08",TK32662,3,4003,4,53632
"2021-05-23, 15:08",TK32670,3,4005,1,53691
"2021-05-23, 17:16",TK32674,3,4002,1,58860
"2021-05-23, 20:00",TK32677,3,4002,1,54076
"2021-05-23, 22:00",TK32684,3,4005,1,65312
"2021-05-23, 22:04",TK32689,3,3002,1,55680
"2021-05-23, 23:09",TK32696,3,3002,1,51999
"2021-05-23, 23:09",TK32705,3,2002,1,48284
"2021-05-23, 23:45",TK32706,3,3004,2,46187
"2021-05-24, 01:38",TK32712,3,4003,1,57839
"2021-05-24, 22:35",TK32718,3,4001,1,57087
"2021-05-24, 22:39",TK32728,3,3002,1,50190
"2021-05-24, 23:10",TK32731,3,4004,1,48790
"2021-05-25, 00:25",TK32738,3,2004,1,55782
"2021-05-25, 00:44",TK32744,6,2005,1,55953
"2021-05-25, 01:04",TK32747,2,4005,8,46592
"2021-05-25, 01:20",TK32756,3,4001,1,49638
"2021-05-25, 12:08",TK32759,3,4001,1,49204
"2021-05-25, 21:09",TK32762,3,4004,1,57157
"2021-05-25, 21:09",TK32767,3,4003,1,50228
"2021-05-25, 21:35",TK32769,3,3005,1,53086
"2021-05-25, 22:19",TK32773,3,3001,1,62687
"2021-05-25, 23:37",TK32777,3,1005,1,46335
"2021-05-26, 00:05",TK32782,3,4002,1,47361
"2021-05-26, 00:05",TK32788,3,4005,2,53049
"2021-05-26, 01:43",TK32797,3,3004,2,53855
"2021-05-26, 10:26",TK32800,3,3004,1,50818
"2021-05-26, 11:35",TK32802,3,3004,1,51373
"2021-05-26, 18:07",TK32805,3,1004,1,47672
"2021-05-26, 20:06",TK32810,3,3004,1,54151
"2021-05-26, 21:08",TK32814,3,4001,1,63957
"2021-05-27, 00:54",TK32823,3,1003,1,54834
"2021-05-27, 12:01",TK32826,3,4005,1,76323
"2021-05-27, 13:07",TK32827,4,4005,1,70860
"2021-05-27, 20:10",TK32831,3,4005,2,54507
"2021-05-27, 21:08",TK32833,3,4003,1,54366
"2021-05-27, 21:14",TK32839,3,4003,1,61334
"2021-05-27, 23:02",TK32846,3,4002,1,48208
"2021-05-28, 00:10",TK32853,3,4001,1,46187
"2021-05-28, 11:21",TK32857,3,4003,1,60010
"2021-05-28, 12:08",TK32860,3,4005,1,53590
"2021-05-28, 12:11",TK32865,3,4002,1,57456
"2021-05-28, 16:13",TK32867,3,4001,1,55510
"2021-05-28, 20:18",TK32869,3,2003,1,50221
"2021-05-29, 07:28",TK32870,3,4003,1,52620
"2021-05-29, 14:00",TK32874,4,3003,1,54937
"2021-05-29, 16:05",TK32880,2,4003,1,58617
"2021-05-29, 17:34",TK32882,3,2005,1,55953
"2021-05-29, 20:05",TK32885,3,2002,1,58253
"2021-05-29, 20:14",TK32893,3,1002,1,54136
"2021-05-29, 21:21",TK32901,2,3004,1,49518
"2021-05-29, 21:35",TK32904,3,3004,1,63463
"2021-05-29, 22:04",TK32908,3,3002,1,47779
"2021-05-29, 22:04",TK32913,3,1002,1,48127
"2021-05-29, 22:20",TK32914,3,4001,1,53701
"2021-05-29, 23:01",TK32921,3,2004,1,60543
"2021-05-29, 23:13",TK32926,2,4004,5,57928
"2021-05-29, 23:13",TK32934,3,3003,1,58414
"2021-05-30, 00:00",TK32937,3,4001,1,48530
"2021-05-30, 00:02",TK32943,4,3001,1,55661
"2021-05-30, 00:12",TK32947,3,3003,1,56252
"2021-05-30, 00:24",TK32952,3,3003,1,63165
"2021-05-30, 01:12",TK32957,3,2004,1,58722
"2021-05-30, 06:40",TK32962,3,4002,1,51903
"2021-05-30, 08:16",TK32965,3,4004,1,51209
"2021-05-30, 09:02",TK32968,3,4005,1,59206
"2021-05-30, 11:23",TK32974,3,4003,1,63938
"2021-05-30, 12:15",TK32979,3,4003,1,56793
"2021-05-30, 13:05",TK32983,3,4005,1,53061
"2021-05-30, 14:06",TK32988,3,1004,1,52138
"2021-05-30, 16:21",TK32993,3,4003,1,59738
"2021-05-30, 20:03",TK32998,3,3002,1,54159
"2021-05-30, 22:03",TK33000,3,3002,1,47165
"2021-05-30, 22:04",TK33007,3,2003,1,53790
"2021-05-30, 22:05",TK33008,3,2003,1,59096
"2021-05-30, 23:13",TK33015,3,4005,1,56449
"2021-05-30, 23:39",TK33019,3,4004,1,46685
"2021-05-31, 00:10",TK33028,3,4001,1,53369
"2021-05-31, 12:02",TK33033,3,4001,1,46210
"2021-06-01, 20:13",TK33038,3,3003,1,46955
"2021-06-01, 22:39",TK33045,3,3002,1,58693
"2021-06-01, 22:41",TK33050,3,3001,1,50225
"2021-06-02, 00:04",TK33053,3,3004,1,58326
"2021-06-02, 12:14",TK33061,3,4003,1,55547
"2021-06-02, 12:14",TK33061,3,4001,1,63650
"2021-06-02, 12:27",TK33064,3,4003,1,52303
"2021-06-02, 13:16",TK33067,3,3003,1,49774
"2021-06-02, 21:20",TK33075,3,2005,1,54685
"2021-06-02, 23:02",TK33080,4,4001,1,57157
"2021-06-04, 10:15",TK33085,3,4002,1,52745
"2021-06-04, 12:21",TK33086,4,3004,1,58072
"2021-06-04, 18:16",TK33094,3,2003,1,60451
"2021-06-04, 20:19",TK33100,3,4002,0,61378
"2021-06-04, 21:04",TK33106,3,2004,1,50808
"2021-06-04, 23:46",TK33111,3,4004,1,53684
"2021-06-05, 00:00",TK33121,3,4002,1,55614
"2021-06-05, 00:31",TK33126,3,4005,1,55593
"2021-06-05, 12:20",TK33133,3,1002,1,63985
"2021-06-05, 13:11",TK33138,3,4002,1,61184
"2021-06-05, 14:05",TK33144,3,4002,1,66007
"2021-06-05, 21:37",TK33150,3,4003,1,47763
"2021-06-06, 00:02",TK33154,3,3004,1,57760
"2021-06-06, 00:11",TK33161,3,4001,1,52572
"2021-06-06, 00:26",TK33166,3,3003,1,50901
"2021-06-06, 07:42",TK33168,3,2005,1,52726
"2021-06-06, 08:04",TK33174,3,4005,1,54272
"2021-06-06, 09:13",TK33176,3,4001,1,49431
"2021-06-06, 11:03",TK33180,3,2004,1,58764
"2021-06-06, 13:02",TK33186,3,3001,1,59852
"2021-06-06, 13:13",TK33192,3,4005,1,63875
"2021-06-06, 15:04",TK33199,3,3003,1,61986
"2021-06-06, 21:03",TK33203,3,4002,1,58727
"2021-06-06, 21:08",TK33210,3,4004,1,51061
"2021-06-06, 22:09",TK33214,3,1002,1,49459
"2021-06-06, 22:28",TK33221,3,4001,1,62398